{"cameraMode":{"drawMode":0,"name":"Shaded","section":"Shading Mode"},"sceneLighting":true,"audioPlay":false,"sceneViewState":{"showFog":true,"showMaterialUpdate":false,"showSkybox":true,"showFlares":true,"showImageEffects":true,"showParticleSystems":true},"in2DMode":false,"pivot":{"x":-0.08462715148925781,"y":-1.981001853942871,"z":-6.680008411407471},"rotation":{"x":-0.223206028342247,"y":0.7380170226097107,"z":-0.290767639875412,"w":-0.5665369629859924},"size":16.63043785095215,"orthographic":false}