{"cameraMode":{"drawMode":0,"name":"Shaded","section":"Shading Mode"},"sceneLighting":true,"audioPlay":false,"sceneViewState":{"showFog":true,"showMaterialUpdate":false,"showSkybox":true,"showFlares":true,"showImageEffects":true,"showParticleSystems":true},"in2DMode":false,"pivot":{"x":-1.8606666326522828,"y":-0.1826648712158203,"z":-0.19592544436454774},"rotation":{"x":-0.22056245803833009,"y":0.6625259518623352,"z":-0.2139146775007248,"w":-0.6831193566322327},"size":16.664182662963868,"orthographic":false}